Tweet_ID,Label,Tweet_Length_Words,Tweet_Length_Chars,Tweet_Punctuation_Count,Tweet_Has_URL,Tweet_Has_Short_URL,Tweet_Has_Emoji,Tweet_Has_User_Mentions,Tweet_Num_Mentions,Tweet_Num_Hashtags,Tweet_Num_Likes,Tweet_Num_Retweets,Tweet_Num_Replies,Tweet_Compound_Score,Tweet_Is_Reply,User_Time_on_Twitter,User_Followers,User_Friends,User_Is_Verified,User_Handle_Has_Number
973377899414937600,1,45,345,17,0,0,0,1,7,0,3,1,3,0.7261,1,48,3176,3176,0,0
976529260440702977,0,44,301,17,1,1,0,1,2,5,15,4,1,0.2023,0,85,11043,11043,0,0
970571787409879040,1,14,110,11,1,1,0,0,0,3,1,2,0,-0.5413,0,37,703,703,0,0
970834271064616960,0,14,149,10,1,1,0,1,2,3,0,1,0,-0.6705,0,120,2704,2704,0,0
978519673921855489,1,50,335,20,0,0,0,1,5,1,0,1,1,0.5994,1,117,2948,2948,0,0
978536101534162944,0,32,219,14,1,1,0,1,1,4,1,1,0,-0.0516,0,107,2092,2092,0,0
976681353583439872,0,35,281,18,1,1,0,0,0,5,4,1,1,0.4199,0,91,27250,27250,1,0
968954863366283265,1,37,300,20,1,1,0,0,0,4,8,5,2,-0.2732,0,43,902,902,0,0
968794548729253889,1,32,291,17,1,1,0,0,0,3,6,7,0,0.802,0,100,549,549,0,0
969294505059979265,0,45,298,16,1,1,0,0,0,2,1,1,0,0.9371,0,100,9520,9520,0,0
969284003298775041,0,49,275,25,1,1,1,0,0,2,1,1,0,-0.3036,0,21,27,27,0,0
969294221034303493,1,49,315,23,1,1,0,0,0,3,5,1,1,0.7745,0,122,4331,4331,1,1
970936795314651136,0,19,194,18,1,1,0,1,1,3,1,1,0,0.0,0,133,3248,3248,0,0
977162867232387072,0,26,188,9,0,0,0,1,4,1,1,2,0,-0.4019,1,122,937,937,0,0
976301359153606656,0,19,164,15,1,1,0,1,1,4,5,9,2,-0.6969,0,120,2731,2731,0,0
911454810414518272,0,23,149,10,1,1,0,0,0,4,13,12,2,-0.3182,0,22,118,118,0,0
972819722961080321,0,31,224,15,1,1,0,1,1,3,3,1,0,0.5859,0,123,2762,2762,1,0
969789016290635777,1,12,116,11,1,1,0,1,1,4,2,1,0,-0.5994,0,120,2681,2681,0,0
969795260493701120,1,29,214,14,1,1,0,1,1,0,0,1,0,-0.1531,1,105,3508,3508,0,0
972534323038556160,1,96,948,76,1,1,0,1,50,2,1,1,0,0.0995,1,123,1535,1535,0,0
972818609297747969,0,30,298,27,1,1,0,1,2,7,0,1,0,0.6705,0,83,491,491,0,0
976834968428138497,0,18,143,10,1,1,0,1,1,2,0,1,0,0.5106,0,115,35690,35690,1,0
972007810299908096,1,48,258,6,0,0,0,1,4,1,0,1,1,0.7227,1,24,65,65,0,0
977600550777663488,1,48,282,23,1,1,0,0,0,4,1,1,1,0.0974,0,125,788820,788820,0,0
971147787428511746,1,17,134,13,1,1,0,0,0,3,0,1,0,-0.3818,0,59,145,145,0,0
973522380223066112,1,27,242,16,1,1,0,1,2,7,0,1,0,0.5267,0,19,17,17,0,0
974487373550559232,0,16,133,11,1,1,0,1,2,3,2,1,0,-0.4767,0,120,2715,2715,0,0
974367508768620546,0,29,225,15,1,1,0,1,2,3,0,1,1,0.2023,0,49,1753,1753,0,0
973431009646608384,1,37,223,13,1,1,0,0,0,4,1,1,0,0.5859,0,69,38,38,0,1
973325261046366209,1,28,243,19,1,1,0,0,0,2,1,1,0,0.0,0,110,4276,4276,0,0
972995392840204289,1,19,177,9,0,0,0,1,5,1,1,1,1,0.7401,1,120,2711,2711,0,0
973021347218509824,0,22,164,14,1,1,0,0,0,6,1,1,0,-0.3254,0,125,788706,788706,0,0
972099343200202752,1,34,263,26,1,1,0,1,11,1,2,3,0,0.8439,0,115,35426,35426,1,0
972878199922286593,1,42,298,13,1,1,0,0,0,0,2,1,0,0.6937,0,25,287,287,0,0
977167511195090944,1,35,291,19,1,1,0,1,4,3,1,1,0,0.7579,0,29,27,27,0,0
972792819302756353,0,40,243,9,0,0,0,0,0,4,0,1,0,0.3664,0,38,2492,2492,0,0
976686541618728960,0,18,123,7,1,1,0,0,0,0,2,1,1,0.0,0,22,270,270,0,0
971545974010253312,0,26,231,12,1,1,0,0,0,2,0,1,0,0.7256,0,136,1208,1208,0,0
972408750500909056,0,46,303,14,1,1,0,1,1,3,2,1,0,0.6105,0,123,2197,2197,0,0
972180389413433345,1,17,145,11,1,1,0,0,0,4,0,1,0,0.3818,0,29,138,138,0,0
972148796644904960,1,20,166,16,1,1,0,0,0,11,0,3,0,-0.6705,0,101,407,407,0,0
976915821921488896,1,10,245,37,1,1,0,0,0,0,0,1,0,-0.25,0,116,782,782,0,0
972234337784647680,1,31,230,16,1,1,0,0,0,4,1,1,0,0.7264,0,36,460,460,0,0
976949786921201664,1,47,302,14,1,1,0,0,0,0,7,1,1,-0.7728,0,134,9694,9694,0,0
977256023143542784,1,41,311,17,1,1,0,0,0,0,11,3,1,-0.9001,0,134,9695,9695,0,0
970337518813097984,1,39,292,20,1,1,0,0,0,4,1,1,0,0.5848,0,33,223,223,0,1
973711816990769152,1,80,819,58,0,0,0,1,50,0,5,1,6,0.0,1,55,750,750,0,0
978489422566928384,1,16,125,11,1,1,0,0,0,5,0,1,0,-0.1311,0,120,2739,2739,0,0
978456873991991296,1,14,100,9,1,1,0,0,0,0,2,1,0,-0.7819,0,95,570,570,0,0
969543643848691714,0,19,169,11,1,1,0,0,0,6,0,1,0,-0.4019,0,33,222,222,0,1
966004972402835456,0,20,183,12,1,1,0,1,1,3,12,8,1,-0.9231,0,120,2675,2675,0,0
968622461360066560,1,15,134,13,1,1,0,0,0,3,0,2,0,0.4404,0,59,145,145,0,0
976861100468817921,0,13,147,20,1,1,0,0,0,5,0,1,0,-0.34,0,53,629,629,0,0
970915925364035585,1,26,169,12,1,1,0,0,0,1,1,1,0,-0.4939,0,37,1425,1425,0,0
974846554644336640,0,29,218,16,1,1,0,1,1,6,0,1,0,0.296,0,131,8400,8400,0,0
961193925141725185,0,76,812,71,1,1,1,1,50,4,3,3,5,-0.7035,1,102,3693,3693,0,1
972227259846176768,1,14,121,8,1,1,0,1,1,1,0,1,0,-0.4939,0,91,3696,3696,0,0
972216412235337730,0,13,84,9,1,1,0,0,0,2,2,1,0,0.0,0,99,715,715,0,0
978883037579620352,0,11,106,9,1,1,0,0,0,2,0,1,0,0.4215,0,24,52,52,0,0
970102917339516929,0,9,93,14,1,1,0,0,0,0,3,1,0,0.0,0,91,2254,2254,0,0
973721328049012736,1,35,302,31,1,1,0,1,2,10,0,1,0,0.2656,0,125,788860,788860,0,0
974266750614175744,0,45,309,24,1,1,0,1,2,6,0,1,0,-0.6452,1,125,788919,788919,0,0
974344720645283840,1,14,117,11,1,1,0,0,0,3,0,1,0,-0.4939,0,44,1274,1274,0,0
974350856979189761,1,43,238,4,0,0,0,0,0,0,23,1,5,-0.7533,0,124,330730,330730,1,0
974337011279695873,1,25,160,11,1,1,0,0,0,2,1,2,0,-0.7579,0,56,3308,3308,0,0
976857072989081604,0,26,228,16,1,1,0,0,0,10,5,2,0,0.7906,0,100,4333,4333,0,0
970772212260065280,1,10,87,7,1,1,0,0,0,2,0,1,0,-0.5994,0,120,2700,2700,0,0
977133340519256064,0,26,240,16,1,1,0,0,0,2,0,3,0,0.7686,0,97,2387,2387,0,0
978439020157046784,1,42,277,9,0,0,0,0,0,0,1,1,0,-0.1714,0,16,195,195,0,0
970102866189807616,0,27,203,16,1,1,0,0,0,6,0,1,0,-0.4466,0,125,791388,791388,0,0
973045880814059525,0,12,113,10,1,1,0,1,1,4,1,1,0,-0.296,0,120,2713,2713,0,0
973046051534966784,1,16,138,12,1,1,0,0,0,3,0,1,0,0.0258,0,59,144,144,0,0
978810384831234048,1,30,275,22,1,1,0,0,0,4,1,1,0,0.2732,0,43,920,920,0,0
978966204885950464,1,25,205,20,1,1,0,1,3,1,0,1,0,0.4404,0,101,15840,15840,1,0
973517523571355649,0,30,210,16,1,1,0,0,0,4,0,1,0,0.8718,0,68,796,796,0,0
970366800935473156,0,26,233,19,1,1,0,1,1,10,1,2,0,0.4926,0,61,4554,4554,0,0
969994080053850112,1,15,131,13,1,1,0,1,3,2,1,1,0,0.4926,0,118,644,644,0,0
971596781711646720,0,28,299,22,1,1,0,1,8,4,0,1,0,0.0,0,109,93,93,0,0
968167568451297280,1,21,189,16,1,1,0,0,0,4,8,14,0,0.3612,0,104,7388,7388,1,0
969098253215117312,1,20,130,10,1,1,0,0,0,3,5,6,0,0.0,0,107,2086,2086,0,0
976658025225142272,1,19,141,10,1,1,0,0,0,4,0,1,0,-0.6597,0,120,2730,2730,0,0
976658319073923072,1,13,108,9,1,1,0,1,1,3,0,1,0,0.0,0,120,2731,2731,0,0
965895645604339712,0,3,43,6,1,1,0,0,0,1,0,1,0,0.0,0,123,299,299,0,0
971476087929700352,1,29,212,11,1,1,0,1,1,3,6,1,2,0.296,0,115,35434,35434,1,0
842195078839980032,1,10,78,11,1,1,0,0,0,4,115,108,6,-0.3818,0,130,124872,124872,0,0
974210371702722560,0,30,214,16,1,1,1,0,0,4,0,1,0,0.7096,0,63,614,614,0,0
978250994780917761,1,32,254,15,1,1,0,1,1,2,1,1,0,0.6597,0,102,738,738,0,0
978235444230934528,0,37,243,12,1,1,0,0,0,4,3,2,0,0.3962,0,33,225,225,0,1
976661668938760193,1,28,217,21,1,1,0,1,2,8,0,1,0,0.7692,0,119,1450,1450,0,0
977477098339295232,0,17,121,8,1,1,0,0,0,1,0,1,0,0.5411,1,87,41,41,0,0
978352933334077440,1,39,250,12,0,0,0,1,2,2,2,1,1,0.2023,1,92,1801,1801,0,1
969090913703116800,1,27,211,14,1,1,0,1,1,1,5,2,0,-0.8689,0,130,1375,1375,0,0
967685703076319232,1,21,148,10,1,1,0,0,0,4,12,15,0,-0.5859,0,56,3301,3301,0,0
957806596406595584,0,22,177,10,1,1,0,0,0,5,7,5,0,-0.7579,0,33,221,221,0,1
969606938848735232,0,31,182,10,1,1,0,0,0,1,4,1,0,-0.3071,0,90,4128,4128,0,0
973115964031193089,0,12,102,12,1,1,0,0,0,2,1,1,0,0.0,0,46,35,35,0,0
978398267502297088,1,42,295,15,1,1,1,0,0,5,1,1,0,0.9418,0,45,944,944,0,0
973287548540813314,0,26,205,15,1,1,0,1,1,4,47,12,0,0.0,0,123,61213,61213,0,0
973310189964230661,1,27,203,18,1,1,0,1,1,4,1,1,0,0.0,0,123,61211,61211,0,0
973050910694834176,1,28,214,14,1,1,0,1,2,4,0,1,0,0.0,0,51,61,61,0,0
974311278419349509,1,9,84,9,1,1,0,1,1,2,0,1,0,0.0,0,92,1061,1061,0,0
974311857757487104,1,18,150,10,1,1,0,0,0,4,0,1,0,0.0,0,124,10467,10467,0,0
974313021806751745,0,49,308,14,1,1,0,0,0,0,0,1,0,-0.2003,0,24,591,591,0,1
970401200528076800,1,39,302,16,1,1,0,1,1,10,0,1,0,-0.8271,0,20,622,622,0,0
976066330821648384,0,45,304,16,1,1,0,1,1,5,38,26,0,0.4753,0,101,1277,1277,0,0
976682316519976960,0,27,209,15,1,1,0,1,1,2,0,1,0,0.0,0,119,17829,17829,1,0
975794962729193472,1,34,250,12,1,1,0,1,1,2,6,2,0,-0.2023,0,103,7310,7310,0,0
969533973666959360,0,85,923,74,1,1,0,1,50,2,3,1,0,-0.9,1,26,379,379,0,0
977850102307016704,0,34,307,21,1,1,0,1,7,4,1,1,0,0.34,0,58,219,219,0,0
821385400132452352,0,24,163,13,1,1,0,1,1,1,20,13,1,0.6413,0,32,404,404,0,0
970151819732070400,0,12,125,9,1,1,0,0,0,4,1,1,0,0.0,0,120,2690,2690,0,0
976594400389337088,0,24,196,13,1,1,0,0,0,4,2,1,0,-0.4767,0,91,3725,3725,0,0
977201170031681537,1,28,220,9,1,1,0,0,0,1,1,1,0,-0.3818,0,88,3441,3441,0,0
977198925269540864,1,13,111,9,1,1,0,0,0,2,1,1,0,0.0,0,131,1157,1157,0,1
977198925269540864,1,13,111,9,1,1,0,0,0,2,1,1,0,0.0,0,131,1157,1157,0,1
977192754148192256,0,18,137,7,0,0,0,0,0,3,1,1,0,0.0,0,63,219,219,0,0
968868414361079808,0,20,185,22,1,1,0,1,2,4,0,1,0,0.6239,0,112,911,911,0,0
968860129121722368,1,18,171,20,1,1,0,1,1,4,14,7,0,0.6239,0,115,35278,35278,1,0
978736941226254339,0,49,302,9,1,1,0,0,0,0,22,10,1,-0.3182,0,97,2700,2700,0,0
978682881030656000,0,11,104,7,1,1,0,0,0,1,15,8,0,0.4215,0,104,10691,10691,0,0
970051476721553408,1,7,73,6,1,1,0,0,0,0,0,1,0,0.3612,0,74,1829,1829,0,0
973522188241461248,0,28,191,12,1,1,0,1,1,1,2,1,0,0.0,0,83,199,199,0,0
978353530175213568,0,20,178,14,1,1,0,1,1,6,0,1,0,-0.1695,0,26,105,105,0,0
974270667368615936,0,8,82,7,1,1,0,0,0,1,0,1,0,-0.5829,0,66,748,748,0,0
974379819575070721,1,31,280,20,1,1,0,1,2,3,0,1,0,-0.4404,0,112,5853,5853,0,0
974274627584245760,1,37,287,34,1,1,0,0,0,13,3,1,0,-0.6843,0,125,788922,788922,0,0
970292773160013824,1,57,621,57,1,1,0,1,30,5,0,1,0,-0.9125,1,32,3655,3655,0,0
976179101332582400,1,12,117,9,1,1,0,0,0,4,10,10,0,0.0,0,33,223,223,0,1
976081483956965377,1,15,131,11,1,1,0,0,0,4,6,2,0,0.0,0,33,223,223,0,1
974986867018993664,0,19,159,10,1,1,0,0,0,4,2,3,1,-0.6597,0,33,223,223,0,1
973874278406991873,0,17,143,13,1,1,0,0,0,6,0,1,0,-0.4215,0,33,223,223,0,1
973522564139110400,1,11,98,9,1,1,0,0,0,4,0,1,0,-0.5574,0,33,223,223,0,1
971346146030321664,1,18,149,11,1,1,0,0,0,5,1,1,0,0.0,0,33,223,223,0,1
971337909969215488,0,15,114,9,1,1,0,0,0,4,1,1,0,-0.4215,0,33,223,223,0,1
972480143942963200,0,15,134,9,1,1,0,0,0,4,1,1,0,0.0,0,33,226,226,0,1
972483971929001984,0,19,154,13,1,1,0,1,1,3,0,1,0,0.9081,0,115,35417,35417,1,0
978760665283350528,0,42,300,13,1,1,0,1,1,0,13,5,3,-0.4913,0,46,733,733,0,0
968931711223508992,1,22,165,10,1,1,0,0,0,2,10,16,1,-0.4939,0,80,5661,5661,0,1
974242650466369536,0,47,335,22,1,1,0,1,2,5,0,1,0,-0.6408,1,125,788924,788924,0,0
974254707890905089,1,16,115,8,1,1,0,1,1,2,0,1,0,-0.7579,0,104,10558,10558,0,0
977903429099061249,0,21,167,14,1,1,0,0,0,6,8,3,0,0.0,0,107,4059,4059,0,0
969990639717789696,0,35,246,12,1,1,0,0,0,1,2,1,0,-0.6874,0,114,1997,1997,0,0
969990639717789696,0,35,246,12,1,1,0,0,0,1,2,1,0,-0.6874,0,114,1997,1997,0,0
977368660661727232,0,12,83,4,0,0,0,1,2,0,0,1,0,-0.4939,1,89,32360,32360,1,1
977284019028152322,0,42,275,14,1,1,0,1,4,1,13,6,0,-0.0387,0,91,438,438,0,0
977516426482339840,1,38,278,25,1,1,0,1,5,3,1,1,0,0.3472,0,82,756,756,0,0
977515602922409984,0,14,116,9,1,1,0,0,0,2,1,1,0,0.0772,0,44,1285,1285,0,0
974206400615342080,1,29,190,11,1,1,1,0,0,4,3,1,0,0.7096,0,69,27791,27791,1,0
974201033697218560,1,20,217,18,1,1,0,1,3,6,1,1,0,0.3182,0,56,912,912,0,0
969413640251105280,0,37,256,15,1,1,0,1,2,1,1,1,0,-0.765,1,28,3,3,0,0
969414528596406272,1,8,78,10,1,1,0,0,0,4,1,1,0,0.0,0,130,124785,124785,0,0
969407042510258177,0,66,746,65,1,1,1,1,49,5,0,1,0,-0.4404,1,102,3717,3717,0,1
969414513689874432,0,8,78,10,1,1,0,0,0,4,0,1,0,0.0,0,56,3203,3203,0,0
970440625987334145,1,22,176,9,1,1,0,0,0,0,2,1,1,-0.4767,0,119,17723,17723,1,0
968285961615478784,1,27,224,14,1,1,0,0,0,5,22,16,3,-0.6808,0,92,1790,1790,0,1
972429107760975877,1,33,230,12,1,1,0,0,0,3,0,1,0,-0.8338,0,53,11073,11073,1,0
972431177733697537,0,64,741,63,1,1,0,1,50,1,0,1,0,0.0,1,55,745,745,0,0
969251061126041602,0,15,117,9,1,1,0,0,0,1,0,1,0,0.0,0,92,1055,1055,0,0
969232061423763456,0,9,74,9,1,1,0,1,1,2,7,6,0,0.4404,0,127,50395,50395,1,0
968905721051049984,0,38,302,20,1,1,0,1,3,4,32,28,1,0.3612,0,42,6760,6760,0,0
970690599555825667,1,17,125,8,1,1,0,0,0,2,0,1,0,-0.296,0,130,126629,126629,0,0
971410787381186565,1,32,276,19,1,1,0,0,0,7,0,1,0,0.128,0,121,46434,46434,1,0
973004011916988417,0,31,193,5,0,0,0,1,1,0,0,1,0,0.5704,1,25,3850,3850,0,0
973000748601458688,0,31,248,18,1,1,0,1,1,8,2,1,0,0.8625,0,27,430,430,0,0
971601451591131138,1,14,81,1,0,0,0,0,0,0,0,1,0,-0.4019,0,20,185,185,0,1
973280554719367168,0,16,144,10,1,1,0,0,0,3,3,3,1,-0.3612,0,115,35453,35453,1,0
973272850709778432,0,32,276,19,1,1,0,1,4,2,8,6,0,0.6114,0,69,21345,21345,0,0
969932099930107906,1,46,292,21,1,1,0,0,0,8,0,1,2,-0.1346,0,125,791377,791377,0,0
969937168889245696,0,14,102,8,1,1,1,1,1,1,0,1,0,0.4404,0,121,1330,1330,0,0
969936749198798848,0,43,282,15,1,1,0,0,0,3,1,1,0,-0.5994,0,113,6946,6946,0,0
972330567508353024,0,17,138,11,1,1,0,0,0,2,1,1,0,0.0,0,59,144,144,0,0
973570813478629377,0,37,240,13,0,0,0,1,1,0,5,1,0,-0.743,1,33,40,40,0,0
971915898926911488,1,40,288,17,1,1,0,1,3,2,0,1,0,0.7081,0,62,1024,1024,0,1
971799305974665216,1,48,293,9,1,1,1,0,0,0,8,3,1,0.4404,0,89,3632,3632,0,0
972891011264413700,1,10,106,10,1,1,0,1,2,3,0,1,0,0.6249,1,71,485,485,0,1
973806839266766848,1,37,274,11,1,1,0,0,0,0,0,1,0,0.0772,0,118,21747,21747,0,0
972441614911197185,0,30,222,8,1,1,0,0,0,1,2,1,0,-0.1916,0,123,907,907,0,0
966244828525842433,1,34,255,17,1,1,0,0,0,3,15,26,2,0.0516,0,111,56314,56314,1,0
978068746827960321,1,57,711,63,1,1,0,1,50,3,1,1,0,0.4939,1,102,3688,3688,0,1
969318867594969088,1,49,296,18,1,1,0,0,0,1,5,1,0,-0.6518,0,86,28351,28351,1,0
968570424199122944,1,11,102,8,1,1,0,1,1,1,9,13,5,-0.2023,0,137,21625,21625,1,0
977959601030205440,1,9,68,4,0,0,0,1,2,0,2,1,0,0.0,1,125,818,818,0,0
971199734567374848,1,50,297,8,0,0,0,1,2,0,1,1,0,-0.0772,1,61,88,88,0,0
971194098756468736,0,40,274,20,1,1,0,0,0,7,2,1,0,-0.4466,0,125,791383,791383,0,0
971394079572611072,0,7,76,12,1,1,0,0,0,3,2,1,0,0.0,0,63,694,694,0,0
957576328512864257,1,25,258,18,1,1,0,1,4,6,50,13,1,0.0,0,60,918973,918973,1,0
970672585057988609,1,22,243,23,1,1,0,1,3,14,0,1,0,0.0,0,81,3763,3763,0,0
969745837059465218,0,18,146,9,1,1,0,1,1,2,1,1,0,0.0,0,85,10924,10924,0,0
976560849220284416,1,36,225,10,1,1,0,0,0,0,51,3,4,-0.3447,0,15,1527,1527,0,0
976835288692613121,1,34,250,10,1,1,0,1,1,0,1,1,0,0.1531,0,107,786,786,0,0
977902134866755584,0,15,127,10,1,1,0,0,0,3,3,7,0,-0.1531,0,120,2736,2736,0,0
970289305313861633,0,6,70,7,1,1,0,0,0,1,0,1,0,0.0,0,23,67,67,0,0
975157126099124224,0,30,231,14,1,1,0,0,0,5,22,9,57,0.0943,0,125,788770,788770,0,0
784261076091179008,0,15,137,11,1,1,0,1,3,2,13,13,0,0.0,1,104,1468,1468,0,1
978004540590100480,0,78,834,64,0,0,0,1,50,2,3,1,0,-0.0516,1,123,1776,1776,0,0
978017537207226368,1,98,935,66,0,0,0,1,50,3,3,1,0,0.0498,1,102,182,182,0,0
969539554360397825,0,14,136,9,1,1,0,0,0,3,0,1,0,0.4215,0,101,3013,3013,0,0
969844835589984256,1,20,163,12,1,1,0,0,0,1,0,1,0,-0.7605,0,33,2150,2150,1,0
977127342127673344,0,13,113,10,1,1,0,0,0,0,3,1,0,-0.5719,0,99,10259,10259,0,0
977127475577749504,1,30,249,16,1,1,0,1,3,7,0,1,0,0.7841,0,77,1258,1258,0,0
974745692651495424,1,25,182,16,1,1,0,1,1,1,44,47,1,-0.1139,0,92,29773,29773,1,0
977224176565186561,1,34,207,14,1,1,0,0,0,3,1,1,0,-0.34,0,83,1469,1469,0,0
967989246131781635,0,13,97,10,1,1,0,0,0,0,433,101,12,-0.2212,0,84,23459,23459,0,1
970298684230561792,1,43,275,18,0,0,0,0,0,1,43,1,1,-0.9509,0,29,2626,2626,0,0
973323544691167233,0,48,297,21,1,1,0,0,0,0,0,1,0,0.6543,0,87,205,205,0,1
974487935792840704,1,15,136,14,1,1,0,0,0,3,0,1,0,0.0,0,59,143,143,0,0
977161989637263360,0,36,303,18,1,1,0,1,3,2,16,1,5,0.6828,0,92,30002,30002,1,0
977180705271762944,1,22,163,11,1,1,0,0,0,2,0,1,0,0.7096,0,58,2371,2371,0,0
977425142136614912,0,32,240,15,1,1,0,1,1,3,5,8,0,0.3818,0,20,94,94,0,0
978323069486825472,1,16,139,11,1,1,0,1,2,3,1,1,0,0.0,0,120,2738,2738,0,0
978104295341031425,1,14,100,9,1,1,0,0,0,4,1,1,0,0.0,0,44,1284,1284,0,0
973297224988807168,0,27,166,7,0,0,0,0,0,0,0,1,0,-0.6377,0,72,461,461,0,0
971970183467171840,1,21,167,12,1,1,0,1,1,4,0,1,0,-0.6597,0,120,2711,2711,0,0
971965740537430018,1,16,138,11,1,1,0,1,1,3,0,1,0,-0.1341,0,120,2711,2711,0,0
974295991884099586,0,22,143,7,1,1,0,0,0,1,2,1,0,0.3182,0,115,35541,35541,1,0
971766571873046529,1,19,147,10,1,1,0,0,0,4,0,1,0,-0.0772,0,74,601,601,0,0
971758888872587265,1,34,235,13,1,1,0,1,3,2,0,1,0,0.2023,0,83,2801,2801,0,0
970328020346011648,1,18,150,9,1,1,0,0,0,0,0,1,0,-0.4588,0,99,12710,12710,0,0
971125791772864514,1,30,181,7,0,0,0,1,1,1,3,3,0,0.9081,0,88,655,655,0,0
972696919523786752,0,18,150,11,1,1,0,1,1,5,0,1,0,0.296,0,120,2712,2712,0,0
972699621955809281,1,13,116,10,1,1,0,0,0,3,0,1,0,0.0,0,120,2711,2711,0,0
973235730762756096,0,41,295,22,1,1,0,1,1,14,0,1,0,0.6081,0,125,788782,788782,0,0
973235955279609856,0,12,113,12,1,1,0,1,1,3,0,1,0,-0.4767,0,120,2711,2711,0,0
973236936881172482,0,7,65,7,1,1,0,0,0,2,1,1,0,0.0,0,120,48593,48593,0,0
971395487763898368,0,14,139,12,1,1,0,0,0,3,0,1,0,0.0,0,59,145,145,0,0
970133212881186816,0,28,179,7,0,0,0,0,0,0,0,1,0,0.0,0,39,181,181,0,0
973350264056045568,0,34,268,10,0,0,0,0,0,0,0,1,0,-0.4588,0,128,260,260,0,0
969266181336190977,0,64,716,60,0,0,0,1,50,2,0,1,0,0.0,1,102,3716,3716,0,1
976571779476058112,0,20,149,10,1,1,0,0,0,4,0,1,0,0.0,0,115,35675,35675,1,0
976325782439002112,1,28,188,11,0,0,0,0,0,4,20,6,2,-0.3612,0,134,9659,9659,0,0
971284951026094080,1,53,323,8,0,0,0,1,3,0,0,1,0,-0.5106,1,77,797,797,0,1
970771836869816320,0,14,134,13,1,1,0,0,0,3,0,1,0,0.4927,0,59,145,145,0,0
971034422001782785,1,18,146,12,1,1,0,1,1,3,0,1,0,0.4215,0,115,35380,35380,1,0
972077575219662848,1,12,117,9,1,1,0,0,0,4,1,1,0,0.0,0,33,227,227,0,1
969006833158578176,0,11,88,9,1,1,0,0,0,3,49,41,0,-0.516,0,130,124761,124761,0,0
839271807010160640,0,16,127,12,1,1,0,0,0,1,1,2,0,-0.3612,0,102,3686,3686,0,1
970693037671223297,1,14,115,10,1,1,0,0,0,3,0,1,0,0.5562,0,112,5841,5841,0,0
967334472009113600,0,27,205,14,1,1,0,1,5,2,27,21,0,0.5676,0,101,1227,1227,0,0
971613256652488704,1,13,105,9,1,1,0,0,0,4,1,1,0,0.0,0,120,2709,2709,0,0
971614299243384832,1,43,291,20,1,1,0,0,0,11,0,1,0,-0.4973,0,100,4309,4309,0,0
971307645754847233,1,18,150,13,1,1,0,0,0,5,0,1,0,0.4404,0,124,9092,9092,0,0
972349848040034304,0,37,236,13,1,1,0,0,0,0,1,1,1,-0.9062,0,105,368,368,0,1
972372160688738306,1,28,215,13,1,1,0,1,1,4,2,1,0,0.1779,0,99,1158,1158,0,0
971915173031063553,1,33,224,20,1,1,0,0,0,7,8,1,2,-0.7531,0,125,788979,788979,0,0
972381652604411904,1,16,137,11,1,1,0,0,0,3,0,1,0,0.5719,0,56,3286,3286,0,0
972381627883163648,1,16,137,11,1,1,0,0,0,3,0,1,0,0.5719,0,130,127368,127368,0,0
972049587396661248,1,14,129,10,1,1,0,0,0,2,0,1,0,-0.7269,0,130,127311,127311,0,0
973670965740822528,1,27,268,18,0,0,0,1,8,6,0,1,0,-0.656,0,87,93,93,0,0
973685531719516160,0,24,299,22,1,1,0,1,4,8,0,1,0,-0.4404,1,43,900,900,0,0
973685531719516160,0,24,299,22,1,1,0,1,4,8,0,1,0,-0.4404,1,43,900,900,0,0
973685618818584576,1,38,240,9,1,1,0,0,0,2,0,1,0,0.9179,0,121,46459,46459,1,0
973659697843548160,0,48,275,11,0,0,0,1,1,1,3,1,1,-0.308,1,18,58,58,0,0
970690904527863810,1,17,125,8,1,1,0,0,0,2,0,1,0,-0.296,0,56,3239,3239,0,0
970569637174837248,1,12,100,10,1,1,0,0,0,2,0,1,0,-0.5413,0,56,3239,3239,0,0
977582581888659461,1,44,277,8,0,0,0,0,0,2,2,1,1,0.0423,0,52,780,780,0,1
977584224323518464,1,42,255,7,0,0,0,0,0,2,2,1,0,0.7346,1,52,780,780,0,1
976054821731135494,0,33,238,10,1,1,0,0,0,3,26,8,0,0.6808,0,33,138,138,0,0
975991154771746817,0,23,198,9,1,1,0,0,0,3,13,3,0,0.9042,0,33,138,138,0,0
974310494411538432,1,30,202,10,0,0,0,1,4,0,0,1,0,0.4215,1,132,4871,4871,0,0
973235209821937666,1,20,159,10,1,1,0,0,0,3,2,1,0,0.0,0,130,127566,127566,0,0
973218225566740482,1,24,143,6,0,0,0,0,0,0,3,1,0,0.4588,1,73,1100,1100,1,0
971580331160690688,1,14,116,9,1,1,0,1,1,1,0,1,0,-0.4995,0,97,1327,1327,0,0
974954516595519488,1,31,211,18,1,1,0,1,3,0,2,1,0,0.8658,0,97,5060,5060,0,0
968587434085695488,0,17,129,6,1,1,0,0,0,1,22,23,1,0.0,0,127,50395,50395,1,0
971791329989681152,1,13,88,7,1,1,0,0,0,0,2,1,2,0.0,0,54,741,741,0,0
976795122301132800,1,19,154,12,1,1,0,0,0,2,2,1,0,0.4678,0,115,35685,35685,1,0
976799426986561536,1,34,259,18,1,1,0,0,0,5,1,1,0,0.4199,0,39,1806,1806,0,1
969584085512339456,1,45,279,20,1,1,0,0,0,0,75,12,8,-0.7264,0,84,10219,10219,0,0
969722443286839296,1,27,206,12,1,1,0,0,0,3,2,1,0,-0.3818,0,75,2598,2598,0,0
969722443286839296,1,27,206,12,1,1,0,0,0,3,2,1,0,-0.3818,0,75,2598,2598,0,0
965949522626170880,0,16,133,10,1,1,0,0,0,2,3,2,0,-0.4019,0,117,6891,6891,0,0
969739060695609346,0,38,309,30,1,1,0,0,0,9,4,1,0,0.6369,0,81,233,233,0,0
964174173479362560,0,17,138,12,1,1,0,1,2,1,4,5,0,0.0,0,104,10565,10565,0,0
974434419715973120,1,33,231,17,1,1,0,1,1,7,1,1,0,-0.9585,0,125,788919,788919,0,0
954987016390930432,1,20,168,11,1,1,0,0,0,4,202,278,9,-0.4939,0,130,126855,126855,0,0
972558582964203520,0,45,310,16,0,0,0,1,2,0,1,1,1,-0.126,1,83,2279,2279,0,0
971355635244765184,1,46,301,11,1,1,0,0,0,0,34,1,9,-0.4939,0,124,330527,330527,1,0
974675958673412096,0,39,242,13,0,0,0,0,0,2,0,1,0,0.8221,0,122,1234,1234,0,0
974638006396248064,0,22,186,14,1,1,0,1,4,2,8,6,2,0.8011,0,95,327,327,0,0
978326840560508929,0,38,287,18,1,1,0,1,1,3,0,1,0,0.0387,0,49,174,174,0,0
971560479897169925,0,8,80,9,1,1,0,0,0,3,1,1,0,0.3182,0,16,14,14,0,0
975750778081173514,1,92,937,68,1,1,0,1,50,4,7,3,4,0.6908,1,92,1796,1796,0,1
974407645351247872,1,29,169,10,1,1,0,0,0,2,0,1,0,0.4389,0,99,711,711,0,0
978371162689257472,0,18,167,14,1,1,0,1,2,5,1,1,0,-0.5574,0,120,2737,2737,0,0
978385350593671168,0,27,205,18,1,1,0,0,0,10,1,1,0,-0.0343,0,125,788725,788725,0,0
971163034147278854,1,34,210,9,1,1,0,0,0,0,2,1,0,-0.8519,0,116,14113,14113,1,0
971067732295929856,0,30,197,6,0,0,0,0,0,2,7,2,2,0.5106,0,125,1158,1158,0,0
973266497706446848,1,23,149,8,1,1,0,0,0,0,5,2,1,-0.4939,0,91,3701,3701,0,0
969912749189890049,1,29,204,11,1,1,0,0,0,1,0,1,0,0.6597,0,53,381,381,0,0
969573562590867456,1,19,176,11,1,1,0,1,2,2,2,1,0,0.5719,0,64,349,349,0,0
974793342419685376,1,38,272,17,1,1,0,0,0,3,2,4,1,-0.0772,0,36,485,485,0,0
974793342419685376,1,38,272,17,1,1,0,0,0,3,2,4,1,-0.0772,0,36,485,485,0,0
974658308874407937,0,16,141,10,1,1,0,1,2,3,5,6,0,-0.4767,0,115,35557,35557,1,0
978721593110286336,0,26,196,28,1,1,0,1,2,1,0,1,1,-0.1759,0,67,36,36,0,0
973505951415394305,1,33,248,14,1,1,0,1,3,1,0,1,0,0.7184,0,22,104,104,0,0
972955905284345856,0,18,138,11,1,1,0,0,0,4,0,1,0,-0.7096,0,53,31,31,0,0
977680327211606017,1,29,208,14,1,1,0,0,0,0,14,6,12,0.9118,0,113,2385,2385,0,0
974320601195274240,1,41,280,17,1,1,0,1,2,2,0,1,0,0.8176,0,72,1751,1751,0,0
974322061018574848,0,30,236,14,1,1,0,1,2,1,2,1,0,0.2714,0,113,272,272,0,0
974301767327416321,1,26,281,19,1,1,0,1,4,4,0,1,0,0.5423,0,19,29,29,0,0
974238563096244224,0,48,278,14,1,1,0,0,0,0,8,1,5,-0.6428,0,66,2155,2155,0,0
974231247479345152,0,6,86,12,1,1,0,0,0,1,2,1,0,0.0,0,33,2254,2254,1,0
971264637017772033,1,42,276,19,1,1,0,0,0,7,1,1,0,-0.7456,0,125,791387,791387,0,0
978316946184826880,1,32,214,19,1,1,0,0,0,6,1,2,0,-0.4543,0,15,464,464,0,0
971074186394337280,1,18,134,10,1,1,0,1,1,2,0,1,0,-0.696,0,115,35390,35390,1,0
971074213900627968,1,51,289,7,0,0,0,1,3,0,3,1,0,-0.4215,1,68,24384,24384,1,0
978913153080705025,0,44,307,25,1,1,0,0,0,12,1,1,0,0.0772,0,55,3901,3901,0,0
978751065402363904,1,30,228,21,1,1,0,1,3,3,5,7,0,0.6996,0,94,15130,15130,1,0
973523607723937793,0,16,124,6,0,0,0,1,1,3,0,1,0,0.765,0,69,301,301,0,0
973366086002454528,0,31,251,14,1,1,0,1,1,3,0,1,0,-0.5423,0,22,36,36,0,0
973416805808115712,1,30,241,13,1,1,0,0,0,6,0,1,0,-0.0772,0,100,4321,4321,0,0
969944015192735744,0,27,182,16,1,1,0,0,0,5,0,1,0,-0.0085,0,125,791380,791380,0,0
973138627776733184,1,28,242,20,1,1,0,1,6,3,1,1,0,0.34,0,121,23358,23358,0,0
973142578114768897,1,34,269,12,0,0,0,1,6,2,1,1,0,0.5859,0,121,23358,23358,0,0
973201635378913280,0,35,263,14,1,1,0,0,0,7,1,1,0,-0.8225,0,100,4318,4318,0,0
976965879723450368,0,16,134,11,1,1,0,0,0,5,2,1,0,0.0,0,33,223,223,0,1
973578469249449984,0,42,276,8,0,0,0,0,0,0,10,1,2,0.7906,0,121,571,571,0,0
974447478635286528,1,54,374,15,1,1,0,1,6,0,0,1,0,-0.8932,1,117,39435,39435,0,1
951113152992653312,0,37,278,30,1,1,0,1,1,13,5,5,1,-0.6843,0,125,788866,788866,0,0
971846424207020033,0,27,306,31,1,1,0,0,0,16,0,1,0,-0.8655,0,98,5409,5409,0,0
971457164056305664,1,33,270,21,1,1,0,1,1,4,14,6,1,0.8356,0,92,29605,29605,1,0
975847183990841344,1,39,264,15,1,1,0,0,0,0,12,4,13,0.8299,0,136,1240,1240,0,0
970246042406019072,1,31,195,7,0,0,0,1,1,3,3,1,1,-0.6566,0,98,925,925,0,0
970276652969275393,1,66,742,60,0,0,0,1,49,0,0,1,0,0.7096,1,46,144,144,0,1
976177634655817729,0,21,164,10,1,1,0,0,0,1,16,8,1,-0.5106,0,115,35675,35675,1,0
976540706075529216,1,36,233,19,1,1,0,0,0,1,2,3,1,0.0,0,53,3030,3030,0,0
977947859432566784,1,12,112,11,1,1,0,1,1,3,0,1,0,0.0,0,120,2736,2736,0,0
971434492819902464,1,42,301,14,1,1,0,0,0,0,15,1,9,-0.8767,0,124,330533,330533,1,0
971617627519860738,0,31,209,17,1,1,0,0,0,8,1,1,0,0.5202,0,125,791328,791328,0,0
968686401381326849,1,17,154,12,1,1,0,0,0,3,10,9,0,-0.5859,0,120,2690,2690,0,0
976805089305415680,1,35,190,7,0,0,0,0,0,2,4,1,0,-0.7964,0,124,11525,11525,0,0
973608699829760000,1,43,303,17,1,1,0,0,0,1,8,2,0,0.2712,0,87,16523,16523,0,0
977754406132228097,1,10,100,8,1,1,0,0,0,3,2,2,1,0.0,0,120,2736,2736,0,0
971785769219186689,1,34,303,25,1,1,0,1,2,13,0,1,0,0.9244,0,32,372,372,0,0
971784876868472832,1,27,191,4,0,0,0,0,0,2,0,1,0,0.8316,0,88,664,664,0,0
972848685125193728,0,49,380,19,0,0,0,1,10,0,0,1,0,-0.5994,1,54,489,489,0,0
965728502421995520,1,43,303,17,1,1,0,0,0,7,37,22,1,0.5902,0,35,111,111,0,0
978498508213792768,0,22,159,11,0,0,0,1,1,0,1,1,0,0.7461,1,125,790,790,0,0
976594353861939200,0,32,212,13,1,1,0,0,0,0,2,1,0,-0.0772,0,53,1186,1186,0,0
974270509176176640,0,51,347,30,1,1,0,1,3,6,1,1,1,0.7815,1,125,788921,788921,0,0
974258992808542210,0,42,338,17,1,1,0,1,2,6,0,1,0,0.0979,1,125,788921,788921,0,0
974256701858725888,1,44,316,23,1,1,0,1,2,6,0,1,0,-0.5726,1,125,788921,788921,0,0
973837551223164928,0,32,228,12,0,0,0,1,2,4,0,2,0,0.4228,0,17,102,102,0,1
971412958873116673,1,15,131,11,1,1,0,0,0,1,0,1,0,-0.8689,0,102,740,740,0,0
977557399744729093,1,19,169,8,1,1,0,0,0,2,0,1,0,0.1045,0,115,35757,35757,1,0
977849128452591616,0,27,192,13,1,1,0,1,1,3,0,1,0,-0.296,0,57,34,34,0,0
973462754546733056,1,38,286,23,1,1,0,0,0,7,1,1,0,0.5399,0,77,37706,37706,1,0
973532104217608192,1,21,222,23,1,1,0,1,2,7,0,1,0,0.0,0,83,491,491,0,0
973531626926985216,1,17,165,11,1,1,0,1,1,3,0,1,1,0.2023,0,115,5470,5470,1,0
978491849571688448,1,17,149,15,1,1,0,0,0,4,1,3,0,0.3744,0,120,2742,2742,0,0
973348308105150464,1,17,155,14,1,1,0,1,2,5,1,1,0,0.0,0,91,3698,3698,0,0
971445533465350150,0,24,190,14,1,1,0,1,2,2,7,4,0,0.7632,0,115,35426,35426,1,0
972834656444997633,1,12,112,9,1,1,0,0,0,3,1,1,0,-0.1027,0,44,1268,1268,0,0
978969973682003968,0,31,231,20,1,1,0,1,1,1,1,1,1,-0.4402,0,92,8265,8265,0,0
970065722905735168,0,35,301,25,1,1,0,1,1,10,2,1,1,0.0,0,81,235,235,0,0
973657145647362048,1,9,76,8,1,1,0,0,0,2,2,1,0,0.0,0,127,50500,50500,1,0
973662577023705088,1,88,850,64,0,0,0,1,50,0,2,1,0,-0.8316,1,47,338,338,0,1
973671646803480577,1,15,122,11,1,1,0,0,0,3,0,1,0,0.0516,0,16,11,11,0,0
977208855070322688,0,21,172,11,1,1,0,0,0,3,0,1,0,0.128,0,120,2733,2733,0,0
961667823314481152,0,12,97,9,1,1,0,0,0,3,66,9,1,0.296,0,70,1625,1625,0,0
972905455319158784,0,97,939,67,0,0,0,1,50,2,0,1,0,-0.5719,1,123,1540,1540,0,0
978385789234110464,0,48,288,7,0,0,0,1,1,0,2,1,2,0.6289,1,122,6482,6482,0,0
973727236346925056,1,23,205,22,1,1,0,1,1,8,1,1,0,-0.4466,0,125,788868,788868,0,0
754650501971582976,0,16,140,9,1,1,0,0,0,2,599,352,48,0.6369,0,45,10675,10675,0,0
976427463852134400,1,15,163,16,1,1,0,1,1,3,0,1,0,0.5504,0,133,3231,3231,0,0
976446751094788097,0,15,139,9,1,1,0,0,0,4,8,4,0,0.0,0,58,600,600,0,0
977206031875846145,0,12,111,10,1,1,0,0,0,3,0,1,0,0.0,0,120,2733,2733,0,0
969406164516524032,1,26,198,13,1,1,0,0,0,5,1,2,0,-0.4753,0,21,189,189,0,0
971859285251641344,0,32,206,15,1,1,0,1,2,1,0,1,0,0.4767,0,124,146855,146855,1,0
973042460849930240,1,18,138,9,1,1,0,0,0,3,1,1,0,-0.3818,0,120,2713,2713,0,0
976416410615377921,0,43,297,15,1,1,0,0,0,3,11,9,0,-0.2694,0,120,2621,2621,0,0
969560225593348096,1,23,164,11,1,1,0,0,0,2,0,1,0,-0.3818,0,115,35295,35295,1,0
973483839086628865,1,23,173,14,1,1,0,1,1,4,13,4,1,0.5574,0,123,61236,61236,0,0
977916218177933312,0,40,251,13,0,0,0,0,0,1,9,4,1,-0.7964,1,136,1246,1246,0,0
977915759442710528,0,8,81,7,1,1,0,0,0,2,2,1,0,0.0,0,100,28000,28000,1,0
977771543148179456,1,16,175,11,1,1,0,0,0,4,5,4,1,0.5574,0,16,123,123,0,1
970339392521949185,1,13,102,9,1,1,0,0,0,2,2,1,0,0.2714,0,58,2338,2338,0,0
974581149778538496,0,30,247,13,1,1,0,1,1,4,1,1,0,0.3612,0,121,268,268,0,0
971532712178737152,0,26,273,23,1,1,0,1,1,8,1,1,0,0.5562,0,43,897,897,0,0
971532712178737152,0,26,273,23,1,1,0,1,1,8,1,1,0,0.5562,0,43,897,897,0,0
970620936880705536,0,22,219,22,1,1,0,1,2,8,1,1,0,0.0258,0,83,486,486,0,0
970655599129169921,1,13,107,6,1,1,0,0,0,0,0,1,0,-0.4588,0,28,7922,7922,0,0
976802813689856005,0,38,210,5,0,0,0,0,0,2,2,1,0,0.8519,0,124,11524,11524,0,0
970526904859029504,1,51,295,10,0,0,0,1,2,0,0,1,0,0.2732,1,91,1490,1490,0,0
972858470579032065,0,32,226,13,1,1,0,1,1,3,1,1,0,0.0,0,113,6961,6961,0,0
978671916272832512,1,13,144,8,1,1,0,0,0,2,3,5,0,0.0,0,27,59,59,0,0
973401731131469826,0,17,133,13,1,1,0,0,0,3,0,1,0,0.3182,0,59,144,144,0,0
973400817892929536,1,22,178,10,1,1,0,0,0,3,1,1,0,-0.6705,0,120,2713,2713,0,0
970298327005892609,1,4,61,7,1,1,0,0,0,2,2,1,0,0.0,0,26,119,119,0,1
971011265635106824,0,39,261,11,1,1,0,1,2,2,1,1,0,-0.7629,0,73,3523,3523,0,0
971403216570212352,1,28,235,15,1,1,0,0,0,8,3,1,0,0.4215,0,100,4309,4309,0,0
969895824955138049,1,31,230,16,1,1,0,1,3,3,0,1,0,-0.2023,0,116,4452,4452,0,0
959366099119861760,1,19,160,12,1,1,0,1,1,6,1,1,0,-0.6408,0,88,1157,1157,0,0
974894984909541376,1,33,243,7,0,0,0,0,0,4,0,1,0,0.4767,0,35,268,268,0,0
974895496832651264,1,6,96,9,1,1,0,0,0,3,0,1,0,0.0,0,48,273,273,0,0
978380839720509440,0,44,261,3,0,0,0,0,0,0,10,1,0,-0.3818,1,103,12173,12173,0,0
964047318495490048,1,33,223,17,1,1,0,0,0,4,19,8,0,0.4404,0,91,26816,26816,1,0
972892688159838208,0,38,279,12,1,1,0,0,0,2,0,1,0,0.0258,0,85,10975,10975,0,0
972713759751004160,1,12,112,9,1,1,0,0,0,3,0,1,0,-0.1027,0,56,3292,3292,0,0
970882864869855232,0,28,190,13,1,1,0,0,0,0,0,1,0,-0.2732,0,125,3143,3143,0,0
976306167260446720,1,21,172,14,1,1,0,0,0,3,55,42,1,0.4926,0,72,12952,12952,1,0
970495465014878209,1,73,813,65,1,1,0,1,50,5,0,1,3,0.0813,1,102,3712,3712,0,1
972507418155474945,0,32,219,10,1,1,0,0,0,3,0,1,0,-0.25,0,113,6962,6962,0,0
974391340338302976,0,16,139,13,1,1,0,0,0,2,4,2,0,0.3802,0,43,900,900,0,0
969222497706102785,1,21,169,16,1,1,0,0,0,2,4,5,0,0.7959,0,115,35283,35283,1,0
868687843807289344,1,24,157,10,1,1,0,0,0,4,4,15,4,0.1779,0,116,4454,4454,0,0
838479346197094401,0,15,118,16,1,1,0,0,0,1,3,4,1,0.34,0,117,1775,1775,0,0
810265073029509120,0,21,161,9,1,1,0,1,1,1,2,7,0,-0.4019,0,116,4454,4454,0,0
978368252865851394,1,24,164,10,1,1,0,0,0,2,0,1,0,0.9136,0,115,35838,35838,1,0
976781523511922690,1,16,126,6,1,1,0,0,0,0,4,1,0,-0.3867,0,116,14390,14390,1,0
976350607824113664,0,53,298,12,1,1,0,0,0,1,3,2,0,-0.7739,0,124,139,139,0,0
970761345728577536,0,20,159,10,1,1,0,0,0,2,0,1,0,-0.3818,0,100,445,445,0,0
972321725034541057,1,11,127,9,1,1,0,0,0,3,4,2,1,0.4019,0,120,2714,2714,0,0
970813183542915072,0,20,162,10,1,1,0,0,0,3,4,1,0,0.7579,0,115,35379,35379,1,0
974906287740850176,0,18,145,9,1,1,0,0,0,1,1,1,0,-0.872,0,63,347,347,0,1
969584891821092864,1,14,136,9,1,1,0,0,0,3,3,5,0,0.0,0,120,2679,2679,0,0
969724037181079552,1,25,188,10,1,1,0,1,1,0,1,1,0,-0.4588,0,99,12697,12697,0,0
969547743776727041,0,17,144,12,1,1,0,0,0,6,3,1,0,-0.296,0,33,221,221,0,1
969439880920141826,1,17,176,10,1,1,0,0,0,4,0,1,1,0.5255,1,20,77,77,0,0
969848164500033536,1,32,232,12,1,1,0,0,0,1,1,1,0,0.4404,0,118,659,659,0,0
970016623003340800,1,13,96,5,0,0,0,1,1,0,0,1,0,0.6369,1,115,1354,1354,0,0
971036922087985152,0,79,789,58,0,0,0,1,49,0,2,1,0,-0.4215,1,65,546,546,0,0
969493628291751937,0,31,210,6,0,0,0,0,0,3,0,1,0,0.0,0,23,158,158,0,0
978385331522334720,1,12,128,15,1,1,0,0,0,4,0,1,0,0.0,0,122,7906,7906,0,0
978350730854662146,0,42,280,7,0,0,0,0,0,2,4,1,0,-0.5994,0,57,149,149,0,1
970734562534936576,1,38,293,19,1,1,0,1,7,1,1,1,1,0.7239,1,133,46638,46638,1,0
970571054904201216,1,16,113,8,1,1,0,0,0,0,1,1,2,-0.3612,0,65,831,831,0,0
970729095159042048,0,39,277,14,1,1,0,0,0,1,4,1,0,-0.7318,0,80,5660,5660,0,1
971039542127071232,1,19,189,14,1,1,0,0,0,3,2,2,0,-0.5994,0,81,368,368,0,0
971039542127071232,1,19,189,14,1,1,0,0,0,3,2,2,0,-0.5994,0,81,368,368,0,0
971418723989979136,1,20,135,10,1,1,0,0,0,3,1,1,0,0.5994,0,115,35417,35417,1,0
974559074758119424,1,26,198,9,1,1,0,0,0,4,0,1,0,0.0772,0,86,2554,2554,0,0
976198278051221505,1,33,250,17,1,1,0,1,1,5,2,2,0,-0.34,0,39,254,254,0,0
976198278051221505,1,33,250,17,1,1,0,1,1,5,2,2,0,-0.34,0,39,254,254,0,0
976835969868496897,1,44,298,17,1,1,1,0,0,3,2,1,0,0.4939,0,33,132,132,0,0
974220366179581957,0,37,235,12,1,1,0,0,0,3,1,1,0,-0.0772,0,66,184,184,0,0
977942592594825216,0,86,854,64,0,0,0,1,50,0,6,1,4,0.4439,1,72,1129,1129,0,0
977714828289740803,0,23,157,12,1,1,0,0,0,4,4,3,0,0.0,0,33,223,223,0,1
974337092095442945,1,25,160,11,1,1,0,0,0,2,0,1,0,-0.7579,0,130,127890,127890,0,0
973686739133808640,0,46,294,16,1,1,0,1,1,7,1,1,0,0.0,1,55,3874,3874,0,0
971263021116002305,1,24,174,5,0,0,0,1,2,0,2,1,0,-0.2263,1,40,4362,4362,0,0
972437647842045953,1,29,218,12,1,1,0,1,1,3,2,1,0,0.0,0,123,2197,2197,0,0
961667931624022016,1,12,97,9,1,1,0,0,0,3,25,9,0,0.296,0,70,1580,1580,0,0
971396836731875328,1,19,148,13,1,1,0,0,0,3,5,2,0,-0.124,0,115,35434,35434,1,0
971275520221634561,0,19,176,21,1,1,0,0,0,3,1,1,0,0.2732,0,104,29046,29046,0,0
977030994648846336,0,12,104,12,1,1,0,0,0,3,0,1,0,0.0,0,59,145,145,0,0
977182207667093504,1,39,244,17,1,1,0,0,0,6,0,1,0,-0.4466,0,125,788832,788832,0,0
970139568023523333,1,24,222,17,1,1,0,1,3,5,0,1,0,-0.0571,0,100,4291,4291,0,0
970479053806493696,0,19,144,10,1,1,0,0,0,3,1,1,0,0.0,0,130,126157,126157,0,0
969731664137084928,1,12,124,10,1,1,0,0,0,4,0,1,0,0.0,0,130,124824,124824,0,0
969636339686703104,1,36,248,13,1,1,0,0,0,2,0,1,0,-0.9118,0,19,107,107,0,0
833532798065573889,0,14,154,14,1,1,0,1,1,8,120,65,6,0.0,0,85,1758,1758,0,0
971357374471639040,1,22,238,22,1,1,0,0,0,12,0,1,0,0.0,0,97,2365,2365,0,0
972049503627988992,0,14,129,10,1,1,0,0,0,2,1,1,0,-0.7269,0,56,3283,3283,0,0
969293695907348481,1,23,225,16,1,1,0,1,4,2,0,1,0,-0.5267,0,110,4275,4275,0,0
970914152272277505,1,40,281,15,1,1,1,0,0,1,1,1,0,-0.8225,0,97,1784,1784,0,0
971792464154714112,0,15,123,14,1,1,0,0,0,3,2,2,0,0.0772,0,94,1899,1899,0,0
968515646819414018,0,34,218,9,1,1,0,0,0,0,123,41,77,-0.6654,0,41,9200,9200,1,0
968200616337055744,1,41,282,14,1,1,1,1,1,0,20,22,3,-0.8415,0,117,39546,39546,0,1
972162607195947009,0,37,264,12,1,1,0,0,0,3,0,1,0,-0.3321,0,30,469,469,0,1
967055693374111744,1,31,224,22,1,1,0,1,1,10,3,5,0,-0.3047,0,125,788831,788831,0,0
973235210224578562,1,20,159,10,1,1,0,0,0,3,0,1,0,0.0,0,56,3297,3297,0,0
970304430724866054,1,22,164,7,0,0,0,1,3,0,0,1,0,0.4767,1,57,330,330,0,0
970305042749194240,1,10,69,7,1,1,0,0,0,0,2,1,0,0.0,0,116,14053,14053,1,0
973647981365858304,0,11,103,12,1,1,0,0,0,2,0,1,0,0.0,0,121,2966,2966,0,0
978248885045997568,1,27,203,6,0,0,0,1,1,2,4,1,7,-0.1027,1,16,1,1,0,0
978248885045997568,1,27,203,6,0,0,0,1,1,2,4,1,7,-0.1027,1,16,1,1,0,0
970565869247004673,1,24,195,7,0,0,0,1,1,4,1,1,0,0.6249,0,49,90,90,0,0
972077553681911808,0,42,298,19,1,1,0,1,4,3,3,3,0,0.9359,0,84,16684,16684,0,0
972110173320941568,1,12,98,10,1,1,0,0,0,4,0,1,0,0.6369,0,44,1270,1270,0,0
973178778255003648,1,13,145,15,1,1,0,1,2,6,5,1,0,0.0,0,123,2199,2199,0,0
971809443523579904,1,27,306,31,1,1,0,0,0,16,5,5,0,-0.8655,0,42,410,410,0,0
970887265277722624,1,29,215,13,1,1,0,0,0,0,1,1,0,0.4168,0,79,25813,25813,0,0
978370758928986112,0,27,208,17,1,1,0,0,0,3,0,1,0,0.4588,0,59,145,145,0,0
978370758928986112,0,27,208,17,1,1,0,0,0,3,0,1,0,0.4588,0,59,145,145,0,0
976666639176409089,0,42,305,16,1,1,0,0,0,2,6,1,2,-0.7066,0,134,9694,9694,0,0
973547027953958912,1,25,212,10,0,0,0,1,3,3,3,1,0,-0.0772,1,120,2710,2710,0,0
970236931538735104,1,16,152,13,1,1,0,0,0,7,2,1,0,0.4404,0,125,1582,1582,0,0
968525721164566528,0,34,224,17,1,1,0,0,0,6,14,16,0,0.8074,0,68,789,789,0,0
968417928138903552,0,20,192,9,1,1,0,1,2,2,22,14,0,0.4404,0,120,16951,16951,0,0
968804835461124096,0,33,233,8,1,1,0,1,1,2,11,8,0,0.4939,0,70,95,95,0,0
970679091987873792,1,40,258,12,1,1,0,0,0,3,0,1,0,-0.9349,0,50,209,209,0,0
970299797214318592,1,28,187,12,1,1,0,0,0,2,4,1,1,0.6705,0,135,4555,4555,1,0
974207598621876225,0,31,194,8,1,1,0,0,0,1,1,1,1,-0.1531,0,124,3063,3063,0,0
974237768820969472,0,13,102,9,1,1,0,0,0,2,1,1,0,0.5719,0,28,256,256,0,0
974270720246272000,1,10,96,7,1,1,0,0,0,2,0,1,0,0.839,0,34,438,438,0,0
966403011630260225,1,27,143,4,0,0,0,0,0,2,24,7,3,-0.8074,0,36,421,421,0,0
971832262416191488,0,17,144,10,1,1,0,1,1,3,2,1,0,0.4767,0,120,2711,2711,0,0
970698904889995264,1,33,255,23,1,1,0,0,0,12,0,1,0,-0.4466,0,125,791436,791436,0,0
974488164617175043,0,15,136,9,1,1,0,1,1,3,2,1,0,-0.4215,0,120,2715,2715,0,0
973184369576890368,0,31,259,25,1,1,0,0,0,6,2,1,0,0.296,0,39,1755,1755,0,1
970871936224907264,0,32,190,8,1,1,0,0,0,0,2,1,0,0.8126,0,102,1406,1406,0,1
969275659683016704,1,11,109,18,1,1,0,0,0,6,0,1,0,0.0,0,87,131,131,0,1
977510659733753856,1,38,252,10,1,1,0,0,0,1,5,1,1,0.6369,0,89,22142,22142,0,0
973129147806638080,1,17,129,10,1,1,0,0,0,4,0,1,0,0.1531,0,104,10541,10541,0,0
973128811633135616,0,22,190,7,0,0,0,1,3,4,0,1,0,0.0772,0,121,23354,23354,0,0
973128419046281216,0,33,272,14,0,0,0,1,5,4,1,1,0,0.4767,0,121,23354,23354,0,0
973128599875309568,0,30,233,12,0,0,0,1,7,4,1,1,0,0.0,0,121,23354,23354,0,0
969519860794449921,1,16,174,14,1,1,1,0,0,2,0,1,0,0.5562,0,52,5287,5287,1,0
969701102567415809,0,38,256,13,1,1,0,0,0,1,7,4,0,-0.6605,0,74,1333,1333,0,0
969602732632895488,1,35,232,11,1,1,0,1,2,1,2,1,0,0.8689,0,107,2780,2780,0,0
969685021677166592,1,14,119,9,1,1,0,0,0,3,2,2,0,0.0,0,120,2679,2679,0,0
971904516298870784,0,93,952,63,0,0,0,1,50,0,2,1,0,0.0571,1,25,3831,3831,0,0
971906645688111104,1,41,248,20,1,1,0,0,0,7,0,1,0,-0.7992,0,125,791287,791287,0,0
969917179448741888,0,46,280,7,0,0,0,0,0,0,1,1,0,0.4767,0,78,30,30,0,1
972358435307249664,0,13,106,8,1,1,0,1,1,1,0,1,0,0.0,0,125,8690,8690,0,0
971888791010070528,1,17,137,13,1,1,0,1,1,3,0,1,0,0.0,0,59,145,145,0,0
971888561929596928,1,23,185,15,1,1,0,1,2,4,0,1,0,-0.6908,0,120,2710,2710,0,0
953533749714538496,1,13,119,7,1,1,0,1,1,0,1,3,1,-0.2732,0,146,7854,7854,1,0
977037953145847810,0,20,157,16,1,1,0,1,1,4,2,1,0,0.4215,0,120,2733,2733,0,0
970866582137192453,1,15,134,10,1,1,0,0,0,3,0,1,0,-0.2732,0,120,2704,2704,0,0
977730851025846272,1,88,851,66,0,0,0,1,50,0,15,5,3,-0.808,1,33,72,72,0,0
969248447856631809,0,15,142,7,1,1,0,1,1,1,0,1,0,0.0258,0,33,2147,2147,1,0
968787890351194114,1,23,217,14,1,1,0,1,1,6,44,13,3,0.0,0,54,13853,13853,1,1
969535201243271168,1,26,224,11,1,1,0,0,0,4,1,1,0,-0.3612,0,33,222,222,0,1
958278755881013248,1,15,128,12,1,1,0,0,0,3,209,189,15,-0.6908,0,130,126231,126231,0,0
970458071137955840,1,44,302,14,1,1,0,0,0,0,1,1,0,0.0,0,81,349,349,0,0
972626042887090176,0,10,97,6,1,1,0,0,0,0,0,1,0,-0.836,0,121,91326,91326,1,0
974262398931550211,0,11,108,4,0,0,0,1,1,1,0,1,0,-0.1027,1,74,10996,10996,1,0
978285950060113920,0,29,218,10,1,1,0,0,0,1,0,2,0,-0.4019,0,23,210,210,0,0
973436658015260672,0,8,46,5,0,0,0,0,0,0,0,1,0,0.0,0,93,1270,1270,0,0
966638334217990145,1,24,133,2,0,0,0,0,0,0,94,17,7,-0.3612,0,40,4369,4369,0,0
973436699601641472,1,45,290,29,1,1,0,0,0,8,0,1,0,0.2188,0,125,788816,788816,0,0
973438076839063557,0,22,113,2,0,0,0,0,0,0,2,1,0,-0.0772,0,97,11000,11000,0,0
971764047031889921,1,16,149,12,1,1,0,1,1,4,0,1,0,-0.5719,0,115,35409,35409,1,0
971763132610695168,1,40,308,17,1,1,0,1,1,4,0,1,0,0.8126,0,121,1618,1618,0,0
971735459704557574,0,16,137,11,1,1,0,0,0,1,13,10,0,0.3818,0,115,35409,35409,1,0
971004068800933888,0,19,156,11,1,1,0,0,0,1,3,1,0,-0.25,0,115,35380,35380,1,0
976803379715420162,1,40,302,20,1,1,0,1,6,2,1,1,0,0.3818,0,88,7719,7719,0,0
972890525643759616,0,21,149,11,0,0,0,0,0,0,6,1,1,0.3612,0,150,17497,17497,0,0
975583114016841730,0,10,113,8,1,1,0,1,2,1,4,3,0,-0.1779,0,54,438,438,0,0
943665006171836416,1,34,262,27,0,0,0,0,0,4,61,34,2,0.6124,0,125,3475,3475,0,0
971740295753818113,0,52,298,12,1,1,0,0,0,0,27,7,5,0.6652,0,116,14163,14163,1,0
977221022830284807,1,10,99,6,1,1,0,0,0,1,0,1,0,0.25,0,104,10637,10637,0,0
973596416412147712,0,43,293,13,1,1,0,0,0,6,4,1,0,0.0258,0,91,26901,26901,1,0
967112180196888578,0,15,136,11,1,1,0,0,0,5,45,50,0,0.2023,0,130,124795,124795,0,0
972322386971250688,0,19,155,13,1,1,0,1,2,3,1,1,0,0.2263,0,120,2714,2714,0,0
970251885633355778,1,13,110,9,1,1,0,0,0,3,0,1,0,0.3612,0,116,4451,4451,0,0
970766926040502273,1,17,107,1,0,0,0,0,0,1,0,1,0,0.6369,0,81,11395,11395,0,0
973546547253252096,1,28,199,12,1,1,0,0,0,2,0,1,0,0.1027,0,85,10984,10984,0,0
969603570940002304,1,44,303,13,1,1,0,0,0,3,6,1,3,0.4846,0,125,791393,791393,0,0
974803105429753856,1,18,137,12,1,1,0,0,0,1,10,9,0,0.0,0,85,11014,11014,0,0
973129763681394689,1,39,272,11,0,0,0,1,5,2,1,1,0,0.4767,0,121,23355,23355,0,0
973129989569810433,1,29,199,9,0,0,0,1,4,2,2,1,0,0.4767,0,121,23356,23356,0,0
973132115926814720,0,28,212,12,1,1,0,1,1,2,0,1,0,-0.5023,0,124,227,227,0,0
965908373551177728,1,41,272,17,1,1,0,0,0,3,36,38,1,-0.7506,1,111,55771,55771,1,0
969443943300587521,1,16,126,10,1,1,0,1,1,4,2,1,1,-0.3818,0,120,2675,2675,0,0
972104229472137216,1,5,68,8,1,1,1,0,0,2,1,1,0,0.0,0,112,54348,54348,0,0
970108270777065474,1,49,302,19,1,1,0,0,0,4,1,1,0,-0.0601,0,125,791391,791391,0,0
970106665851867136,0,42,287,11,1,1,0,0,0,2,0,1,0,0.0258,0,123,1514,1514,0,0
973763464203128832,0,11,126,10,1,1,0,1,2,3,3,1,0,0.0,0,120,2711,2711,0,0
978581248057794560,0,35,216,4,0,0,0,0,0,0,1,1,0,-0.875,1,55,11160,11160,0,0
973124366274883584,0,27,223,12,0,0,0,1,6,2,6,5,0,0.4939,0,121,23361,23361,0,0
959048612503343105,0,16,150,16,1,1,0,1,1,8,16,25,0,0.0,0,104,10557,10557,0,0
970232702430478336,0,42,266,15,1,1,0,0,0,4,1,1,0,0.6597,0,123,2196,2196,0,0
972248682853580800,1,61,608,54,0,0,0,1,31,3,1,1,0,0.5134,1,55,71,71,0,0
972214945311010816,1,33,240,14,1,1,0,1,2,1,0,1,0,0.0,0,107,2793,2793,0,0
973310700201349121,0,19,152,10,0,0,0,1,6,0,1,1,0,0.0,1,81,10833,10833,0,0
974616642188660736,0,14,112,9,1,1,0,0,0,3,0,1,0,-0.4404,0,130,127945,127945,0,0
977322471878569985,0,19,145,13,1,1,0,0,0,0,17,3,1,-0.5106,0,79,25892,25892,0,0
968185734057353216,0,26,172,9,1,1,0,0,0,1,8,3,0,-0.5413,0,118,586,586,0,0
968185734057353216,0,26,172,9,1,1,0,0,0,1,8,3,0,-0.5413,0,118,586,586,0,0
974258554931736576,0,32,207,9,1,1,0,1,2,1,1,1,0,0.9551,0,87,2312,2312,0,1
971082196663533568,1,22,209,19,1,1,0,1,3,2,2,1,0,0.6486,0,17,35,35,0,0
970307475680395265,0,15,139,11,1,1,0,1,1,3,0,1,0,0.5719,0,120,2694,2694,0,0
972688297800613888,1,37,262,26,1,1,0,1,1,5,0,1,0,-0.4466,0,125,788533,788533,0,0
969264141335650304,1,20,157,11,1,1,0,0,0,4,1,1,0,0.6486,0,55,203,203,0,0
969104685255798784,0,20,168,18,1,1,0,1,2,3,5,2,0,0.75,0,115,35280,35280,1,0
969266105662558209,0,21,180,15,1,1,0,0,0,5,0,1,0,0.4404,0,36,421,421,0,0
976646363881529344,1,18,201,14,1,1,0,1,1,7,1,1,0,-0.296,0,43,906,906,0,0
978827128719409152,1,95,927,69,0,0,1,1,50,3,0,1,0,-0.9163,1,102,3690,3690,0,1
978756119572176897,1,35,277,25,1,1,1,1,7,4,0,1,0,-0.25,1,102,3690,3690,0,1
973693020620013568,0,11,102,7,1,1,0,0,0,2,0,1,0,0.0,0,127,1658,1658,0,0
976657547833753600,0,18,136,11,1,1,0,0,0,3,8,1,0,-0.5719,0,120,2733,2733,0,0
965918897877782528,0,24,148,8,1,1,0,1,1,1,6,21,1,-0.6087,0,87,2278,2278,0,1
976976785161285632,1,86,863,77,1,1,0,1,50,10,0,1,1,-0.6249,1,102,3679,3679,0,1
978336353476841472,1,6,41,3,0,0,0,0,0,2,3,1,1,0.0,0,37,1598,1598,0,0
973513198178533377,1,21,160,12,1,1,0,0,0,6,3,1,0,-0.3412,0,33,225,225,0,1
976874508266110977,1,15,120,9,1,1,0,0,0,2,0,1,0,0.0,0,80,5700,5700,0,1
973361630355468288,1,41,295,22,1,1,0,1,1,14,0,1,0,0.6081,0,125,788773,788773,0,0
973361980768772104,1,24,240,19,1,1,1,1,8,1,0,1,0,-0.0129,1,26,448,448,0,0
972896084014977024,1,41,278,11,1,1,0,0,0,2,1,1,0,-0.6808,0,29,301,301,0,0
972181955906334720,1,8,75,8,1,1,1,1,2,0,4,1,1,-0.34,1,63,138,138,0,0
971833618120216576,1,18,137,9,1,1,0,0,0,2,0,1,0,-0.4019,0,79,23,23,0,1
971868555766575104,0,15,125,12,1,1,0,0,0,4,1,1,1,-0.4939,0,44,1271,1271,0,0
973146021890060289,1,40,303,15,1,1,0,1,5,3,2,1,0,0.6705,0,121,23362,23362,0,0
931608030411620352,0,33,230,19,1,1,1,1,1,3,0,1,0,0.1179,1,102,3692,3692,0,1
972223002455654400,0,33,240,14,1,1,0,1,2,1,1,1,0,0.0,0,112,4781,4781,0,0
971240169323065344,0,19,150,8,1,1,0,0,0,3,0,1,0,0.0,0,120,2707,2707,0,0
971498006381056002,1,47,351,13,0,0,1,1,8,0,2,1,0,0.9366,1,48,3420,3420,0,0
974534239747059712,1,22,192,21,1,1,0,0,0,6,1,1,0,-0.4767,0,36,485,485,0,0
974035054409207808,0,14,117,11,1,1,0,0,0,3,130,154,5,-0.4939,0,130,127843,127843,0,0
974128600742899712,0,9,105,9,1,1,0,1,2,2,0,2,0,-0.5106,0,107,2200,2200,0,0
975219352713748481,1,45,301,13,1,1,0,0,0,1,2,2,0,0.2023,0,42,701,701,0,0
971781866247385089,1,26,206,15,1,1,0,1,3,5,0,1,0,0.4588,0,82,741,741,0,0
967905498312962048,1,7,279,24,1,1,0,1,10,8,11,7,0,0.2023,1,76,11012,11012,0,0
969262917093912578,1,45,286,17,1,1,0,1,1,4,8,2,0,0.8225,0,123,1502,1502,0,0
972315556845105152,1,41,303,17,1,1,0,1,1,2,0,1,0,0.8091,0,29,164,164,0,0
972287501757857793,1,8,85,8,1,1,0,0,0,3,1,1,1,0.4404,0,120,2714,2714,0,0
969059676481613824,1,11,88,9,1,1,0,0,0,3,2,1,0,-0.516,0,44,1252,1252,0,0
973730681938362368,1,73,790,58,0,0,0,1,49,0,0,1,0,-0.3182,1,32,3868,3868,0,0
977030838691876866,1,19,146,10,1,1,0,1,2,3,1,1,0,0.0,0,120,2733,2733,0,0
978626798949986305,0,20,170,14,1,1,0,0,0,4,3,1,0,-0.4939,0,95,93,93,0,1
971056469545242624,1,21,204,17,1,1,0,1,2,2,0,1,0,0.6486,0,107,2786,2786,0,0
974851964319162368,1,15,125,9,1,1,0,0,0,4,1,1,1,-0.5423,0,120,2716,2716,0,0
974860732134170624,0,13,123,8,1,1,0,0,0,3,2,1,0,0.0,0,120,2716,2716,0,0
974858444749484032,0,28,182,18,1,1,0,0,0,1,0,1,0,0.8658,0,66,24,24,0,0
978547297486327808,1,82,817,65,0,0,0,1,50,0,11,1,4,-0.3535,1,102,187,187,0,1
978651669306269701,0,21,204,17,1,1,0,1,2,2,1,1,0,0.6486,0,113,6985,6985,0,0
969649225997914112,1,14,91,2,0,0,0,0,0,0,40,3,1,-0.6289,1,119,3669,3669,0,0
970210210785701894,0,19,194,12,1,1,0,0,0,4,1,1,0,-0.5435,0,58,78,78,0,0
951324591577812992,1,13,115,14,1,1,0,0,0,1,2,5,0,0.4404,0,117,1772,1772,0,0
957485375290667008,1,33,280,18,1,1,0,1,3,6,574,109,10,0.128,0,60,915792,915792,1,0
970201520070311938,1,20,153,10,1,1,0,1,1,1,0,1,0,0.0,0,123,182171,182171,1,0
973847605334724608,0,48,301,12,1,1,0,0,0,4,23,13,0,-0.2263,0,91,26919,26919,1,0
973792369719087104,0,15,118,10,1,1,0,0,0,0,6,1,1,-0.2732,0,131,1154,1154,0,1
972662443175563264,1,13,112,8,0,0,1,1,3,3,2,1,0,0.4199,1,71,484,484,0,1
971356108697849858,0,13,146,13,1,1,0,0,0,3,1,2,0,0.0,0,51,1280,1280,0,0
976951723381182466,0,15,139,14,1,1,0,1,2,3,0,1,0,0.6705,0,115,35702,35702,1,0
969903506667851777,0,66,719,57,1,1,0,1,39,1,1,1,0,-0.3612,1,123,1514,1514,0,0
972529967010426880,0,30,210,9,0,0,0,1,2,0,7,1,0,-0.8957,1,34,126,126,0,0
967685670989979648,0,21,148,10,1,1,0,0,0,4,74,71,3,-0.5859,0,130,128660,128660,0,0
978269811942809606,0,88,855,67,0,0,0,1,50,0,15,3,4,0.5719,1,124,331027,331027,1,0
971412218523742209,0,12,118,12,1,1,0,0,0,4,4,1,0,0.7767,0,43,897,897,0,0
976807745604280320,1,13,90,4,0,0,0,0,0,2,2,1,0,-0.1531,0,124,11525,11525,0,0
976808370970812417,1,25,169,13,1,1,0,0,0,3,1,1,0,0.3818,0,59,144,144,0,0
974765645291192323,0,48,277,15,1,1,0,0,0,0,5,2,3,-0.9336,0,23,191,191,0,1
978875639368384513,0,14,130,9,1,1,0,0,0,3,50,43,4,0.0,0,130,128729,128729,0,0
976870206923595777,1,46,308,19,1,1,0,0,0,3,2,1,0,0.567,0,134,9661,9661,0,0
972989097265520642,0,33,226,11,0,0,0,1,1,7,0,1,0,-0.872,1,103,72,72,0,0
973383445052346369,1,51,322,10,0,0,0,1,3,3,1,1,0,-0.5927,1,123,1552,1552,0,0
969331764752723968,1,15,130,11,1,1,0,0,0,4,0,1,0,-0.296,0,130,124773,124773,0,0
972172178505584640,0,8,80,7,1,1,0,0,0,1,0,1,0,0.4019,0,121,1328,1328,0,0
972917593605537793,0,18,140,13,1,1,0,0,0,0,0,1,0,0.0,0,101,8428,8428,0,0
974034987526901761,0,14,117,11,1,1,0,0,0,3,4,3,0,-0.4939,0,56,3306,3306,0,0
976514274234269696,1,36,250,15,1,1,0,1,1,0,0,3,0,0.4939,0,133,46986,46986,1,0
978343759984365569,1,39,298,16,1,1,0,0,0,3,1,1,1,-0.0772,0,19,175,175,0,0
970317307028361216,1,19,158,13,1,1,0,1,2,5,5,1,0,-0.3818,0,100,4293,4293,0,0
972442044504379393,0,22,170,10,1,1,0,0,0,2,0,1,0,0.0,0,44,1271,1271,0,0
970866148332875776,1,30,177,7,0,0,0,1,1,0,0,1,0,0.4635,1,114,1209,1209,0,1
970914185495236608,1,35,233,13,1,1,0,0,0,0,11,1,2,-0.9256,0,37,6537,6537,0,0
972864041101217794,1,24,206,14,1,1,0,1,1,3,0,1,0,0.1779,0,117,166,166,0,0
972842971220660224,1,29,229,18,1,1,0,1,1,1,2,1,0,0.5244,0,117,3047,3047,0,0
976205769363337219,1,77,790,65,0,0,0,1,50,0,6,1,2,0.0,1,109,1919,1919,0,0
972713798787321856,1,12,112,9,1,1,0,0,0,3,2,2,0,-0.1027,0,130,127415,127415,0,0
967374218156535808,1,16,124,9,1,1,0,1,2,2,26,40,5,-0.4767,0,100,70491,70491,1,0
978662426844397568,0,44,283,10,1,1,0,0,0,0,11,4,1,-0.5267,0,125,29,29,0,0
971258351383441408,1,23,148,9,0,0,0,1,3,0,2,1,0,-0.6908,1,120,1019,1019,0,0
972134460870287360,0,43,273,12,1,1,0,1,1,1,1,1,0,0.0772,1,106,1585,1585,0,0
969258623309197312,0,28,169,2,0,0,0,0,0,0,6,1,1,-0.296,0,76,982,982,0,1
972597907458330624,0,34,262,12,1,1,1,0,0,4,3,1,0,0.34,0,118,2956,2956,0,0
977597059925557248,1,43,304,12,1,1,0,0,0,0,1,1,0,-0.7096,0,134,9681,9681,0,0
970161962935087104,0,16,129,8,1,1,0,0,0,2,2,1,0,0.0,0,56,3221,3221,0,0
970314140232421376,0,16,153,16,1,1,0,1,4,3,1,1,0,0.0,0,100,70539,70539,1,0
971701989137702912,1,39,287,11,1,1,0,0,0,0,3,1,1,-0.5983,0,116,14141,14141,1,0
969604499970109440,0,10,86,9,1,1,0,0,0,0,11,8,1,-0.4215,0,116,14027,14027,1,0
970479111230705669,0,19,144,10,1,1,0,0,0,3,0,1,0,0.0,0,56,3233,3233,0,0
978952551822340096,1,17,142,12,1,1,0,1,1,3,1,1,0,0.5378,0,120,2749,2749,0,0
974571169297915904,0,13,109,9,1,1,0,0,0,3,0,1,0,0.0,0,130,127930,127930,0,0
962459984381362176,0,40,283,22,1,1,0,1,3,1,4,2,0,0.9287,1,77,275,275,0,0
977823664812019713,1,30,237,14,1,1,0,1,1,3,2,1,0,0.0,0,36,496,496,0,0
978609498460999680,1,22,170,11,1,1,0,0,0,0,0,1,0,-0.4588,0,124,331061,331061,1,0
970556472315826176,1,30,167,4,0,0,0,0,0,0,1,1,0,0.7506,0,107,990,990,0,0
974619590692167680,1,42,265,11,1,1,0,0,0,0,5,1,2,0.4215,0,65,557,557,0,0
970787142426333185,1,17,135,10,1,1,0,0,0,5,4,2,6,0.0,0,95,83,83,0,1
978045068144558080,0,33,236,10,0,0,0,1,1,4,0,1,0,0.0,1,124,291,291,0,1
976858490793811977,0,85,865,63,0,0,0,1,50,0,1,1,0,-0.2732,1,72,1119,1119,0,0
970326840706568192,1,19,163,10,1,1,0,0,0,2,0,1,0,0.0,0,27,731,731,0,0
969731593525956608,1,12,124,10,1,1,0,0,0,4,0,1,0,0.0,0,56,3210,3210,0,0
978437106501550080,0,32,216,14,1,1,0,0,0,1,0,1,0,-0.8402,0,90,366,366,0,0
969852444107857920,1,38,286,22,1,1,0,1,2,6,7,1,0,0.6597,0,24,45,45,0,0
973264919482298368,1,17,132,9,1,1,0,0,0,3,55,64,2,-0.8834,0,130,127591,127591,0,0
973298450967150592,0,18,105,6,0,0,0,0,0,3,1,1,0,-0.34,0,70,34,34,0,0
978426332496379905,1,42,273,20,1,1,0,0,0,0,0,1,1,-0.9298,0,68,1857,1857,0,0
968554939071979521,1,28,208,11,1,1,0,0,0,5,0,4,0,-0.8316,0,105,1068,1068,0,0
969549299645407232,0,16,127,10,1,1,1,1,2,0,4,1,2,-0.2481,0,104,2772,2772,0,0
974280218830450688,0,31,236,14,1,1,0,0,0,4,0,1,0,-0.4497,0,59,547,547,0,1
978311947677466624,1,21,165,10,1,1,0,0,0,1,4,2,0,0.4939,0,72,198,198,0,1
970580608106643456,0,39,305,13,0,0,0,1,6,0,1,2,1,-0.8126,1,121,54,54,0,0
973027162310651904,0,25,171,10,1,1,0,0,0,0,2,1,0,-0.8625,0,123,2582,2582,0,0
970441680943042560,1,37,251,11,0,0,0,1,3,0,0,1,1,-0.3565,1,93,659,659,0,0
964452829745233920,1,26,216,11,1,1,0,1,1,3,7,4,0,-0.765,0,116,4458,4458,0,0
973589735758270465,1,49,272,8,0,0,0,1,1,0,3,1,1,0.3182,1,39,229,229,0,0
973743878091272192,1,53,331,16,0,0,0,1,4,3,1,1,0,0.0,1,123,1559,1559,0,0
969520893075623936,1,41,278,17,1,1,0,0,0,5,0,1,0,-0.3094,0,102,5877,5877,0,0
978367043366875136,1,42,277,9,0,0,0,0,0,0,0,2,0,-0.1714,0,60,4902,4902,0,0
978017707663740929,0,44,308,15,0,0,0,1,2,0,0,1,0,0.296,1,81,10736,10736,0,0
977880992525385734,1,7,95,9,1,1,0,0,0,0,8,2,2,0.0,0,68,2292,2292,0,0
968733742553554944,0,47,280,10,0,0,0,0,0,3,34,11,1,0.3506,0,93,2441,2441,0,1
934791110324637707,0,48,286,8,1,1,1,0,0,0,30,16,3,-0.7783,0,87,1822,1822,0,0
974087755574657024,0,33,204,9,1,1,0,0,0,0,37,4,7,-0.4939,0,132,17658,17658,0,0
971229791805296641,0,31,214,10,0,0,0,1,3,0,0,1,4,-0.34,1,18,58,58,0,0
973446285213749248,1,49,302,11,1,1,0,1,1,1,2,1,0,-0.9001,0,123,187,187,0,0
978656076764721153,0,29,160,8,0,0,0,0,0,0,2,1,0,0.6557,1,84,4816,4816,0,0
974168497734340609,1,10,84,9,1,1,0,0,0,1,1,1,0,0.0,0,60,2091,2091,0,0
971741424294260736,1,19,127,12,1,1,0,1,1,1,5,3,0,0.5994,0,65,2044,2044,0,0
970161976482689026,0,16,129,8,1,1,0,0,0,2,0,1,0,0.0,0,130,125097,125097,0,0
970183081217921025,0,16,114,8,1,1,0,0,0,2,0,2,1,0.0,0,123,163487,163487,1,0
970643595450552320,1,38,244,10,0,0,0,1,1,0,1,1,0,0.1154,1,79,4176,4176,0,0
973681900266106880,1,19,123,9,1,1,0,1,1,1,0,1,0,-0.6705,0,123,518,518,0,0
972266875932594178,1,49,299,12,1,1,0,0,0,0,8,1,1,-0.7783,0,116,14171,14171,1,0
968282015240830976,1,28,180,11,1,1,1,1,1,1,113,92,18,0.5267,0,110,9177,9177,0,0
978340525177823232,1,16,107,7,1,1,0,0,0,0,0,1,0,-0.5574,0,57,2121,2121,0,0
974163305601388544,1,16,123,9,1,1,0,0,0,3,0,1,0,-0.3818,0,130,127845,127845,0,0
974163336039469057,1,16,123,9,1,1,0,0,0,3,1,1,0,-0.3818,0,56,3306,3306,0,0
976253747855810561,0,94,934,71,0,0,1,1,50,1,6,1,1,0.6811,1,123,1745,1745,0,0
971849531884298240,1,25,174,9,0,0,0,1,3,1,1,1,0,0.25,0,124,708,708,0,1
975001403927261184,0,20,164,12,1,1,0,0,0,3,116,138,6,-0.3818,0,130,128013,128013,0,0
971469108591169536,0,34,220,9,1,1,1,0,0,0,8,1,2,-0.3252,0,124,330533,330533,1,0
974389894087954433,0,80,861,69,1,1,0,1,50,0,3,1,0,-0.7149,1,29,560,560,0,1
971696908195565568,0,31,217,11,1,1,0,0,0,0,0,1,0,0.1027,0,116,14141,14141,1,0
973318238930059264,1,9,106,13,1,1,0,0,0,3,1,1,0,0.0,0,111,2104,2104,0,0
973567288526942209,1,24,174,9,1,1,0,1,1,0,1,1,0,0.2263,0,60,2734,2734,0,0
968153969490120706,1,22,156,10,1,1,0,0,0,3,102,128,2,-0.6808,0,130,124842,124842,0,0
976427676775919616,1,44,294,13,1,1,0,0,0,0,24,8,3,0.4278,0,71,1412,1412,0,1
970343521512194048,0,12,106,10,1,1,0,0,0,4,0,1,0,0.3182,0,46,663,663,0,0
973928670741127168,1,51,280,3,0,0,0,0,0,0,22,3,0,0.922,0,34,1218,1218,0,0
971374373281193984,1,22,145,12,1,1,0,0,0,0,0,1,0,-0.3612,0,100,19054,19054,0,0
977193647048445952,1,40,274,9,0,0,0,1,2,2,0,1,0,0.1531,0,78,276,276,0,1
976959845550166016,0,33,222,10,0,0,0,0,0,1,1,1,0,-0.1779,0,35,537,537,0,0
968860727011348481,1,36,242,11,1,1,0,0,0,0,510,307,16,0.7425,0,89,21613,21613,0,0
976228257728098304,0,44,300,10,1,1,0,0,0,0,7,4,0,-0.7902,0,41,300,300,0,0
971388500812681217,0,44,271,11,1,1,0,0,0,0,1,1,0,0.7351,0,128,7629,7629,0,0
973137589501751297,0,10,81,7,1,1,0,0,0,0,0,1,0,-0.481,0,27,4391,4391,0,0
977326392529620992,0,30,180,13,1,1,0,0,0,0,48,8,2,-0.1531,0,116,14428,14428,1,0
976819198293929984,1,19,130,11,1,1,0,0,0,3,0,1,0,0.0,0,85,11043,11043,0,0
972715334552768512,0,13,126,10,1,1,0,0,0,3,0,1,0,-0.1027,0,54,475,475,0,0
973038662081503232,1,51,273,15,0,0,0,1,2,0,9,1,2,0.1179,1,72,3890,3890,0,0
948347115570266112,1,30,277,21,1,1,0,1,1,7,4,5,0,0.264,0,18,69,69,0,0
976610328938127360,1,33,207,5,0,0,0,1,2,0,0,1,0,-0.7647,1,74,1494,1494,0,0
970660746215526400,1,30,205,12,1,1,0,0,0,0,3,1,0,-0.5267,0,46,390,390,0,0
970675463420108801,1,15,134,10,1,1,0,0,0,3,0,1,0,0.2023,0,44,1262,1262,0,0
970313010731462656,1,15,121,10,1,1,0,0,0,4,4,2,0,0.0,0,130,125260,125260,0,0
972335690582077440,1,48,275,15,1,1,0,0,0,1,0,1,0,-0.82,0,82,3799,3799,0,0
972420786408452096,0,45,276,8,1,1,0,0,0,0,2,1,0,0.4767,0,46,8640,8640,0,0
970945138234044416,1,36,282,15,1,1,0,1,2,3,1,1,0,0.0,0,116,4452,4452,0,0
978980264515948545,0,20,169,16,1,1,0,0,0,2,0,1,0,-0.6249,0,56,3370,3370,0,0
978981339025289216,0,20,169,16,1,1,0,0,0,2,4,6,0,-0.6249,0,130,128737,128737,0,0
971001417862348800,1,3,41,6,1,1,0,0,0,0,8,2,1,-0.5423,0,42,628,628,0,0
974726917864722432,1,35,249,12,1,1,0,0,0,3,0,1,0,0.0,0,115,4295,4295,0,0
970445358613651457,1,48,304,14,1,1,0,0,0,2,1,1,1,-0.7717,0,85,10942,10942,0,0
972549915430866944,0,5,59,8,1,1,0,0,0,2,0,1,0,-0.5574,0,53,11073,11073,1,0
971883720738267136,0,23,151,7,1,1,1,1,1,0,8,1,0,0.3182,0,100,3234,3234,0,0
976622424228687872,0,35,235,14,1,1,1,1,1,5,0,1,0,0.3818,1,55,3894,3894,0,0
970443191919849473,1,25,268,13,0,0,1,0,0,0,1,1,0,-0.9081,0,45,130,130,0,1
969338797187043333,1,20,164,14,1,1,0,1,1,0,4,1,1,0.5719,0,80,1464,1464,0,0
976478623237591040,0,10,91,10,1,1,0,0,0,0,7,1,0,-0.5927,0,113,4081,4081,0,0
966772945933750272,0,37,204,7,0,0,1,0,0,1,1690,163,66,0.6808,0,124,330526,330526,1,0
971675725383290880,1,13,108,16,1,1,0,0,0,1,7,4,0,-0.5719,0,93,1121,1121,0,0
970299076188299264,0,80,810,60,0,0,0,1,49,0,1,1,1,0.2263,1,26,382,382,0,0
955844805141020674,1,32,294,20,1,1,0,0,0,11,1,2,0,0.3802,0,79,2546,2546,0,0
970181350719348737,0,47,299,13,1,1,0,0,0,0,0,1,0,-0.2263,0,120,597,597,0,1
970663136880615424,1,13,72,4,0,0,0,0,0,0,0,1,0,-0.4767,0,25,32,32,0,1
970660207385825281,1,25,177,14,1,1,0,1,1,0,1,1,0,-0.0516,0,116,14078,14078,1,0
976996570221764608,0,14,105,12,1,1,0,0,0,0,0,1,0,0.0,0,29,939,939,0,0
970762420691095562,1,33,198,13,1,1,0,0,0,1,1,1,2,0.0,0,147,587,587,0,0
970425663768481792,1,47,292,9,0,0,0,1,1,0,11,1,2,-0.9237,1,95,12229,12229,0,0
978366539740205056,1,16,152,12,1,1,0,0,0,4,3,1,1,0.4404,0,124,331021,331021,1,0
978358879716302848,0,14,82,3,0,0,0,0,0,0,2,1,1,-0.5267,0,57,1103,1103,0,0
974735425788026880,1,71,686,53,0,0,0,1,34,1,4,2,2,0.4404,1,43,900,900,0,0
969282994245701633,0,42,245,13,0,0,0,1,3,0,9,1,1,0.4404,1,124,705,705,0,0
971095729925222401,0,10,102,14,1,1,0,0,0,4,3,1,3,-0.3535,0,95,88,88,0,1
970338603602649088,0,18,139,8,1,1,0,0,0,0,1,1,0,0.0,0,97,2474,2474,0,1
971410163440775168,1,41,276,17,1,1,0,0,0,6,0,1,0,0.5632,0,102,5927,5927,0,0
978329297692831750,1,48,458,33,0,0,0,1,27,1,2,2,0,0.6369,1,94,6611,6611,0,0
783854163025207296,1,23,137,3,0,0,0,0,0,0,79,63,17,-0.5719,0,123,1562,1562,0,0
970767792004767744,1,24,161,6,0,0,0,0,0,2,4,1,1,0.7783,0,89,881,881,0,0
974191240223784960,0,23,168,12,1,1,0,0,0,2,11,1,1,-0.7783,0,123,1564,1564,0,0
976987682780925952,1,23,186,17,1,1,0,1,1,4,9,1,1,0.7088,0,92,29989,29989,1,0
978886677870600193,0,42,302,13,1,1,0,0,0,0,3,1,0,-0.607,0,134,9710,9710,0,0
972787806564106240,0,31,296,19,1,1,0,1,10,0,2,2,1,0.3612,0,59,1354,1354,0,1
976913325270454274,0,28,211,14,1,1,0,1,2,0,1,1,0,0.5994,0,127,2533,2533,1,0
978374224485273602,1,29,173,3,0,0,0,0,0,0,4,1,0,-0.0516,0,116,12009,12009,1,0
969262075636846592,1,64,416,24,0,0,0,1,11,2,3,1,0,0.7579,1,123,1503,1503,0,0
969377263434194945,0,19,123,3,0,0,0,0,0,0,8,1,2,-0.7184,0,32,8423,8423,0,0
972206983943159808,0,15,107,11,1,1,0,1,1,0,1,1,0,0.6369,0,67,5778,5778,0,0
954353076332318721,0,19,147,14,1,1,0,0,0,7,129,205,11,0.0,0,130,127636,127636,0,0
972663073973657600,1,50,284,12,0,0,0,1,1,0,0,1,0,-0.4659,1,55,81,81,0,0
970615579282419712,1,23,164,12,0,0,1,1,1,0,3,1,0,-0.1027,0,131,3003,3003,0,1
970988273307971585,1,34,221,18,1,1,0,0,0,0,1,1,4,-0.0516,0,29,550,550,0,1
959267647165779968,1,11,85,10,1,1,0,0,0,4,397,328,18,0.0,0,130,127274,127274,0,0
938570694660517888,1,19,118,9,1,1,0,0,0,0,353,136,30,0.4019,0,122,1207,1207,0,0
968919756190384130,1,14,99,8,1,1,0,0,0,0,10,4,0,-0.5848,0,21,206,206,0,1
973529386589749248,0,22,174,11,1,1,0,0,0,4,0,1,1,0.584,0,130,127641,127641,0,0
962157232530993153,0,19,117,10,1,1,0,0,0,0,120,119,4,0.6997,0,114,727,727,0,0
971025218167803904,1,34,233,16,1,1,0,0,0,0,1,1,0,-0.34,0,57,1837,1837,0,1
970961642711285760,0,21,148,9,1,1,0,0,0,0,2,1,1,-0.34,0,125,3035,3035,0,0
970569720964485120,0,12,100,10,1,1,0,0,0,2,0,1,0,-0.5413,0,130,126397,126397,0,0
974420067734695936,0,25,160,11,1,1,0,0,0,2,0,1,0,-0.7579,0,44,1275,1275,0,0
976619499196702720,1,32,231,13,1,1,0,0,0,4,1,1,0,-0.6124,0,72,1793,1793,0,0
977613946868789248,0,34,297,21,1,1,0,0,0,1,1,1,1,0.0,0,134,9682,9682,0,0
977617317382123520,1,33,187,7,0,0,0,1,1,0,0,1,0,-0.4588,1,123,10627,10627,1,0
972004201621368834,0,22,170,10,1,1,0,0,0,2,3,1,0,0.0,0,56,3282,3282,0,0
970685814639390720,1,6,72,9,1,1,0,0,0,0,0,1,0,0.7264,0,95,3277,3277,0,0
785577642401624065,0,19,139,10,0,0,0,0,0,0,676,191,49,0.4767,0,114,22206,22206,0,1
972541859431112704,1,14,120,9,1,1,0,1,1,0,0,1,0,-0.4939,0,51,9608,9608,0,0
969604502117666816,0,16,136,11,1,1,0,0,0,0,1,2,1,0.3481,1,116,14030,14030,1,0
969604503996641280,0,12,98,10,1,1,0,0,0,0,1,1,1,0.2354,1,116,14030,14030,1,0
969604507998015489,1,26,191,10,1,1,0,0,0,0,0,1,1,-0.8779,1,116,14030,14030,1,0
973744700732698625,1,40,277,21,1,1,0,1,4,1,0,1,0,0.2732,1,123,1559,1559,0,0
970646209307336704,0,19,148,8,1,1,0,0,0,0,0,1,0,0.4939,0,121,9288,9288,0,0
971233147022204928,0,18,119,9,1,1,0,0,0,0,0,1,0,0.6249,0,134,206,206,0,0
977571326117412864,1,38,280,12,0,0,0,0,0,1,0,1,0,-0.7269,1,49,1216,1216,0,0
971820662364033024,0,8,77,7,1,1,0,0,0,1,0,1,0,0.0,0,114,2904,2904,0,0
974616466464141312,1,14,112,9,1,1,0,0,0,3,3,5,0,-0.4404,0,56,3315,3315,0,0
970710389922021378,1,27,228,13,1,1,0,0,0,1,0,1,0,-0.9287,0,120,54897,54897,0,0
973529330990149633,1,22,174,11,1,1,0,0,0,4,2,1,0,0.584,0,56,3302,3302,0,0
969464496703012864,0,35,220,7,0,0,0,1,3,0,1,1,0,0.8271,1,40,43,43,0,0
969645586218659840,1,39,280,5,0,0,0,0,0,0,141,47,1,0.3182,0,119,3662,3662,0,0
972004120688132096,0,22,170,10,1,1,0,0,0,2,0,1,0,0.0,0,130,127328,127328,0,0
978477601982373888,0,40,250,21,1,1,0,0,0,4,2,1,0,0.5707,0,60,2153,2153,0,0
976778573410328578,0,30,181,9,0,0,0,1,1,1,1,1,0,0.92,0,74,413,413,0,0
